board_id,market,product_name,sales_address,lat,long,height,width,facing,total_observed,audience_target_observed,audience_composition,index,day_of_week,AD_00,AD_01,AD_02,AD_03,AD_04,AD_05,AD_06,AD_07,AD_08,AD_09,AD_10,AD_11,AD_12,AD_13,AD_14,AD_15,AD_16,AD_17,AD_18,AD_19,AD_20,AD_21,AD_22,AD_23,AC_00,AC_01,AC_02,AC_03,AC_04,AC_05,AC_06,AC_07,AC_08,AC_09,AC_10,AC_11,AC_12,AC_13,AC_14,AC_15,AC_16,AC_17,AC_18,AC_19,AC_20,AC_21,AC_22,AC_23,I_00,I_01,I_02,I_03,I_04,I_05,I_06,I_07,I_08,I_09,I_10,I_11,I_12,I_13,I_14,I_15,I_16,I_17,I_18,I_19,I_20,I_21,I_22,I_23
7387802,Toronto,Static,HUMBER COLLEGE - MF-J-Block J107-M-WAL 1,43.72806,-79.60669,17,13,Main Floor,49,26,0.530612,0.791408,Wed,0.056911,0.02439,0.02439,0.01626,0.01626,0.01626,0.00813,0.01626,0.01626,0.01626,0.01626,0.04065,0.065041,0.073171,0.081301,0.056911,0.04878,0.065041,0.081301,0.073171,0.056911,0.03252,0.065041,0.03252,0.466667,0.272727,0.272727,0.25,0.4,0.333333,0.2,0.4,0.333333,0.333333,0.4,0.5,0.571429,0.6,0.625,0.5,0.4,0.470588,0.5,0.529412,0.466667,0.363636,0.571429,0.307692,0.619849,0.373664,0.382388,0.354891,0.577593,0.489244,0.295994,0.58743,0.480632,0.461523,0.521109,0.636622,0.729806,0.763628,0.79739,0.653214,0.531563,0.616949,0.652551,0.685661,0.605912,0.471603,0.74584,0.407592
7387802,Toronto,Classique/Classic,HUMBER COLLEGE - MF-J-Block J107-M-WAL 1,43.72806,-79.60669,17,13,Main Floor,63,36,0.571429,0.843304,Tue,0.023077,0.023077,0.023077,0.038462,0.023077,0.015385,0.030769,0.007692,0.015385,0.007692,0.007692,0.007692,0.038462,0.053846,0.053846,0.061538,0.069231,0.069231,0.061538,0.084615,0.092308,0.053846,0.084615,0.053846,0.3,0.272727,0.333333,0.416667,0.333333,0.285714,0.444444,0.166667,0.285714,0.166667,0.166667,0.166667,0.416667,0.466667,0.411765,0.470588,0.5625,0.5,0.5,0.578947,0.6,0.466667,0.578947,0.4375,0.399495,0.370097,0.467737,0.588563,0.477778,0.4156,0.648578,0.242718,0.410363,0.228718,0.218018,0.211381,0.532491,0.596785,0.53286,0.617828,0.734158,0.650903,0.652281,0.757948,0.781714,0.605385,0.754253,0.565936
7387802,Toronto,Static,HUMBER COLLEGE - MF-J-Block J107-M-WAL 1,43.72806,-79.60669,17,13,Main Floor,54,31,0.574074,0.865937,Fri,0.038217,0.044586,0.038217,0.038217,0.019108,0.019108,0.012739,0.006369,0.012739,0.012739,0.019108,0.031847,0.044586,0.050955,0.057325,0.050955,0.057325,0.082803,0.089172,0.076433,0.063694,0.057325,0.031847,0.044586,0.6,0.636364,0.5,0.545455,0.375,0.428571,0.333333,0.166667,0.285714,0.333333,0.428571,0.555556,0.636364,0.533333,0.75,0.533333,0.6,0.65,0.608696,0.6,0.714286,0.75,0.625,0.538462,0.790552,0.857447,0.699255,0.782576,0.534516,0.63382,0.517006,0.252372,0.434071,0.476417,0.576333,0.707495,0.824561,0.687084,0.975088,0.70227,0.792029,0.849123,0.787547,0.777997,0.936624,0.990516,0.849786,0.717077
7387802,Toronto,Static,HUMBER COLLEGE - MF-J-Block J107-M-WAL 1,43.72806,-79.60669,17,13,Main Floor,183,106,0.579235,1.077622,total,0.043182,0.031818,0.025,0.020455,0.011364,0.009091,0.011364,0.009091,0.006818,0.006818,0.011364,0.040909,0.059091,0.072727,0.063636,0.063636,0.065909,0.079545,0.077273,0.084091,0.072727,0.054545,0.045455,0.034091,0.558824,0.466667,0.407407,0.428571,0.333333,0.333333,0.384615,0.363636,0.3,0.3,0.454545,0.666667,0.666667,0.695652,0.682927,0.595745,0.617021,0.636364,0.566667,0.596774,0.561404,0.55814,0.540541,0.405405,0.80172,0.690201,0.626084,0.671357,0.531611,0.546198,0.645111,0.596262,0.483452,0.46,0.657988,0.928198,0.935712,0.971421,0.956324,0.84488,0.874209,0.895639,0.790288,0.836098,0.789456,0.787585,0.771634,0.58045
7395463,Toronto,Static,RYERSON U - TED ROGERS SCHOOL OF MGT - F2-TRS-155-M-URI 1,43.65568,-79.38287,17,13,2nd Floor,48,34,0.708333,1.056479,Wed,,0.142857,0.017857,0.035714,0.035714,0.017857,,,,,0.017857,0.035714,0.017857,0.107143,0.035714,0.035714,0.071429,0.035714,0.089286,0.035714,0.142857,0.017857,0.053571,0.053571,0,1,0.5,0.666667,1,0.5,,,,,1,1,1,0.857143,1,1,0.8,1,0.625,0.5,0.666667,1,0.75,0.75,0,1.370103,0.701046,0.946377,1.443983,0.733866,,,,,1.302772,1.273245,1.27716,1.090897,1.275824,1.306428,1.063126,1.311018,0.815688,0.647569,0.865588,1.296909,0.978914,0.993506
2270699,Toronto,Transit Shelter,Bay St. (Tor) WS 50m S/O Front St. F/E - L,43.645618,-79.378891,68.3,47.3,East,197,145,0.736041,1.106396,Sat,0.074534,0.018634,0.031056,0.043478,0.012422,0.018634,0.012422,0.006211,,0.012422,0.018634,0.006211,0.043478,0.012422,0.024845,0.055901,0.093168,0.086957,0.086957,0.111801,0.037267,0.043478,0.043478,0.10559,0.75,0.5,1,0.777778,0.666667,0.6,1,1,0,1,1,0.5,0.636364,0.5,0.666667,0.5625,0.789474,0.7,0.666667,0.818182,0.666667,0.777778,0.636364,0.73913,0.989355,0.678685,1.41283,1.113273,0.986522,0.88729,1.544926,1.46008,0,1.405025,1.404311,0.65572,0.846662,0.657826,0.890311,0.743848,1.02386,0.901117,0.857212,1.046333,0.860594,1.014776,0.83643,0.980663
7406608,Toronto,Bike Share,Queen St W / Ossington Ave,43.643975,-79.419576,55,37,,216,160,0.740741,1.117339,Fri,0.030534,0.034351,0.022901,0.030534,0.015267,0.019084,0.003817,0.015267,,0.003817,0.007634,0.019084,0.072519,0.064885,0.064885,0.038168,0.076336,0.09542,0.091603,0.064885,0.057252,0.076336,0.049618,0.045802,0.666667,0.692308,0.666667,0.8,0.8,0.833333,0.333333,0.444444,0,0.25,0.5,0.555556,0.826087,0.85,0.772727,0.588235,0.833333,0.757576,0.666667,0.708333,0.681818,0.8,0.722222,0.8,0.878392,0.932827,0.93234,1.147778,1.140301,1.232429,0.517006,0.672991,0,0.357313,0.672389,0.707495,1.070392,1.09504,1.004636,0.774562,1.10004,0.989654,0.862552,0.918468,0.894049,1.056551,0.981975,1.065371
7395423,Toronto,Static,RYERSON U - TED ROGERS SCHOOL OF MGT - F1-TRS-159-W-STA 2,43.65568,-79.38287,17,13,1st Floor,201,153,0.761194,1.416143,total,0.037313,0.067164,0.018657,0.026119,0.033582,0.022388,0.011194,0.007463,,,0.014925,0.014925,0.029851,0.048507,0.037313,0.05597,0.048507,0.093284,0.089552,0.100746,0.097015,0.037313,0.063433,0.044776,0.833333,0.947368,0.625,0.7,0.818182,0.857143,1,0.666667,0,0,1,1,0.8,0.866667,0.714286,0.833333,0.722222,0.925926,0.8,0.75,0.722222,0.714286,0.653846,0.705882,1.195547,1.401158,0.96047,1.096551,1.304866,1.40451,1.67729,1.093149,0,0,1.447576,1.392296,1.122854,1.210229,1.000237,1.181825,1.02326,1.303178,1.115699,1.050772,1.015601,1.00792,0.933379,1.010667
7195430,Toronto,Transit Shelter,Spadina Ave Platform ES 0m N/O Queens Quay F/W - I,43.637864,-79.391897,68.3,47.3,West,459,352,0.766885,1.426731,total,0.048237,0.06679,0.040816,0.048237,0.024119,0.020408,0.011132,0.005566,0.007421,0.005566,0.011132,0.027829,0.022263,0.038961,0.051948,0.040816,0.053803,0.06308,0.083488,0.070501,0.053803,0.059369,0.064935,0.079777,0.83871,0.818182,0.758621,0.962963,0.8125,0.785714,0.6,0.6,0.666667,0.75,0.666667,1,0.705882,0.807692,0.823529,0.785714,0.805556,0.829268,0.714286,0.808511,0.763158,0.761905,0.853659,0.811321,1.203261,1.210092,1.165812,1.508483,1.295804,1.287467,1.006374,0.983834,1.074339,1.15,0.965051,1.392296,0.990753,1.127876,1.153213,1.114292,1.141329,1.167138,0.996161,1.132748,1.073165,1.075115,1.218616,1.161632
7406608,Toronto,Bike Share,Queen St W / Ossington Ave,43.643975,-79.419576,55,37,,736,571,0.775815,1.443345,total,0.053953,0.04186,0.035349,0.022326,0.017674,0.018605,0.008372,0.008372,0.003721,0.005581,0.008372,0.030698,0.056744,0.049302,0.052093,0.048372,0.059535,0.077209,0.099535,0.08186,0.065116,0.056744,0.048372,0.050233,0.763158,0.803571,0.808511,0.857143,0.678571,0.769231,0.6,0.5625,0.444444,0.6,0.642857,0.846154,0.847222,0.815385,0.811594,0.787879,0.771084,0.775701,0.823077,0.792793,0.833333,0.792208,0.8,0.794118,1.09487,1.188482,1.242481,1.342716,1.082209,1.260458,1.006374,0.922344,0.716225,0.92,0.930584,1.178097,1.189134,1.138618,1.1365,1.117362,1.092489,1.091746,1.147883,1.110726,1.171847,1.117875,1.142017,1.137001
2271563,Toronto,Transit Shelter,Queen St 12 m E/O Soho Place NS: Toronto F/E-I,43.649579,-79.393194,68.3,47.3,East,771,602,0.780804,1.452626,total,0.064586,0.057051,0.027987,0.022605,0.016146,0.008611,0.005382,0.004306,0.001076,0.002153,0.005382,0.022605,0.041981,0.041981,0.040904,0.044133,0.064586,0.081808,0.092573,0.080732,0.07535,0.066738,0.062433,0.068891,0.769231,0.80303,0.764706,0.75,0.6,0.8,0.833333,0.8,0.5,0.666667,1,0.875,0.829787,0.906977,0.926829,0.719298,0.8,0.817204,0.788991,0.773196,0.804598,0.815789,0.763158,0.842105,1.103582,1.187682,1.175164,1.174876,0.956901,1.310876,1.397741,1.311779,0.805754,1.022223,1.447576,1.218259,1.164662,1.266519,1.297867,1.020101,1.133458,1.150159,1.100346,1.08327,1.131439,1.15115,1.089424,1.205708
7362260,Toronto,Transit Shelter,Lake Shore Blvd W NEC 11.4m N/O Superior Ave F/SE - L,43.615108,-79.48869,0,0,South East,313,248,0.792332,1.474073,total,0.052301,0.035565,0.033473,0.023013,0.014644,0.014644,0.004184,0.002092,0.002092,0.006276,0.012552,0.020921,0.037657,0.031381,0.041841,0.052301,0.054393,0.073222,0.098326,0.104603,0.073222,0.064854,0.073222,0.073222,0.757576,0.708333,0.888889,0.647059,0.7,0.777778,1,0.5,0.333333,1,0.75,0.833333,0.9,0.714286,0.869565,0.892857,0.742857,0.853659,0.810345,0.862069,0.777778,0.861111,0.853659,0.813953,1.086861,1.047625,1.366002,1.013619,1.116385,1.274463,1.67729,0.819862,0.537169,1.533333,1.085682,1.160246,1.263211,0.997442,1.217679,1.266241,1.052496,1.201467,1.130127,1.207784,1.093724,1.215103,1.218616,1.1654
7362260,Toronto,Transit Shelter,Lake Shore Blvd W NEC 11.4m N/O Superior Ave F/SE - L,43.615108,-79.48869,0,0,South East,68,54,0.794118,1.184427,Wed,0.014706,0.014706,0.014706,0.029412,0.014706,0.014706,0.014706,,,0.014706,0.014706,0.014706,0.073529,0.058824,0.029412,0.102941,0.044118,0.014706,0.102941,0.117647,0.088235,0.073529,0.073529,0.058824,1,0.333333,1,1,1,1,1,,,1,1,0.5,1,1,0.666667,0.875,0.75,0.5,0.777778,0.727273,0.857143,0.714286,0.833333,0.8,1.328247,0.456701,1.402092,1.419565,1.443983,1.467733,1.479971,,,1.384572,1.302772,0.636622,1.27716,1.272713,0.85055,1.143124,0.99668,0.655509,1.015079,0.941918,1.112898,0.926364,1.087682,1.05974
4940799,Toronto,Transit Shelter,Weston Rd (3227) SEC 18.5m S/O Bradstock Rd F/N - O,43.7389,-79.5392,68.3,47.3,North,428,343,0.801402,1.490947,total,0.044674,0.030928,0.024055,0.015464,0.008591,0.005155,0.001718,0.003436,0.001718,,0.017182,0.044674,0.04811,0.063574,0.046392,0.034364,0.053265,0.070447,0.092784,0.108247,0.07732,0.06701,0.068729,0.072165,0.787879,0.9,0.777778,0.75,0.714286,0.75,0.5,1,1,,0.833333,0.928571,0.848485,0.902439,0.794118,0.8,0.738095,0.854167,0.80597,0.797468,0.803571,0.906977,0.869565,0.84,1.130336,1.331101,1.195252,1.174876,1.139169,1.228946,0.838645,1.639723,1.611507,,1.206313,1.292846,1.190906,1.260182,1.112028,1.134552,1.045749,1.202182,1.124025,1.117276,1.129995,1.279824,1.241322,1.202694
3087466,Toronto,Transit Shelter,Dundas St. West W/O Gilmour SS F/W - I,43.6655,-79.4792,68.3,47.3,West,101,81,0.80198,1.18577,Sun,0.071429,0.044643,0.044643,0.026786,0.017857,0.008929,0.017857,,,0.008929,0.017857,0.026786,0.017857,0.026786,0.053571,0.0625,0.035714,0.089286,0.089286,0.098214,0.080357,0.035714,0.053571,0.071429,0.727273,0.714286,0.833333,1,0.666667,0.333333,0.666667,0,,1,1,1,0.666667,0.75,0.75,0.777778,0.8,0.714286,0.625,1,0.75,0.666667,0.75,0.888889,0.959259,0.963019,1.159804,1.411353,0.957033,0.494378,1.007141,0,,1.424719,1.374918,1.34201,0.916775,1.021597,1.001165,1.032204,1.054808,0.92324,0.794196,1.273454,0.967197,0.887409,0.994555,1.169346
2270699,Toronto,Transit Shelter,Bay St. (Tor) WS 50m S/O Front St. F/E - L,43.645618,-79.378891,68.3,47.3,East,237,191,0.805907,1.189343,Tue,0.026217,0.029963,0.018727,0.022472,0.018727,0.011236,0.003745,,0.007491,0.003745,0.026217,0.052434,0.11236,0.104869,0.05618,0.044944,0.071161,0.06367,0.037453,0.05618,0.059925,0.041199,0.059925,0.071161,0.875,0.888889,0.833333,0.75,0.714286,1,0.5,,1,1,0.875,0.823529,0.882353,0.903226,0.789474,0.666667,0.730769,0.894737,0.555556,0.789474,0.8,0.916667,0.941176,0.863636,1.165194,1.206243,1.169342,1.059412,1.023811,1.4546,0.729651,,1.436272,1.372305,1.144593,1.044466,1.127628,1.155066,1.021649,0.875257,0.953777,1.164773,0.724757,1.033566,1.042286,1.189148,1.226165,1.117173
4940799,Toronto,Transit Shelter,Weston Rd (3227) SEC 18.5m S/O Bradstock Rd F/N - O,43.7389,-79.5392,68.3,47.3,North,94,76,0.808511,1.215331,Sat,0.113402,0.061856,0.010309,0.010309,0.010309,0.010309,,,,,,0.030928,0.030928,0.030928,0.041237,0.051546,0.051546,0.103093,0.164948,0.103093,0.051546,0.030928,0.061856,0.030928,0.846154,1,0.333333,0.5,1,1,,,,,,1,1,0.75,0.666667,0.714286,0.625,1,0.761905,0.833333,0.833333,1,1,0.75,1.116195,1.35737,0.470943,0.715675,1.479782,1.478817,,,,,,1.311439,1.330468,0.98674,0.890311,0.944569,0.810556,1.287309,0.979671,1.065709,1.075742,1.304711,1.314389,0.995086
7369673,Toronto,Transit Shelter,Fort York Blvd SS 17.6m E/O Bastion St F/E - O,43.637501,-79.403505,0,0,East,4089,3322,0.812424,1.511453,total,0.054343,0.045737,0.033466,0.026614,0.017689,0.010677,0.005418,0.004462,0.003187,0.008287,0.020876,0.038247,0.051952,0.044303,0.050677,0.051474,0.056892,0.067092,0.084781,0.090518,0.058964,0.061355,0.051155,0.061833,0.819712,0.797222,0.774908,0.795238,0.792857,0.797619,0.693878,0.636364,0.645161,0.787879,0.829114,0.83045,0.83376,0.820059,0.834646,0.819797,0.822581,0.803435,0.84984,0.849028,0.820399,0.82265,0.794554,0.798354,1.176005,1.179092,1.190842,1.245742,1.264476,1.306974,1.163834,1.043461,1.039682,1.208081,1.200206,1.156232,1.170239,1.145145,1.16878,1.162628,1.165451,1.13078,1.185207,1.189513,1.153659,1.160832,1.134243,1.143066
2270699,Toronto,Transit Shelter,Bay St. (Tor) WS 50m S/O Front St. F/E - L,43.645618,-79.378891,68.3,47.3,East,152,124,0.815789,1.206187,Sun,0.084507,0.06338,0.056338,0.028169,0.042254,0.028169,0.028169,0.028169,0.007042,,0.014085,0.014085,0.056338,0.056338,0.028169,0.056338,0.056338,0.042254,0.070423,0.035211,0.042254,0.028169,0.070423,0.06338,0.8,0.642857,0.8,1,0.857143,1,0.8,0.8,1,,1,1,0.888889,1,0.666667,0.727273,0.8,0.857143,0.833333,0.555556,0.75,0.8,1,0.9,1.055185,0.866717,1.113412,1.411353,1.23047,1.483136,1.208569,1.198188,1.479259,,1.374918,1.34201,1.222366,1.362129,0.889925,0.965178,1.054808,1.107888,1.058928,0.707475,0.967197,1.06489,1.326074,1.183963
7387551,Toronto,Static,HOOTERS - MF-Washroom-W-STA 4,43.64798,-79.39051,17,13,Main Floor,11,9,0.818182,1.234152,Fri,0.020833,0.041667,0.041667,0.041667,0.0625,0.020833,0.020833,0.020833,0.041667,0.020833,0.0625,0.0625,0.083333,0.083333,0.020833,0.0625,0.041667,0.0625,0.020833,0.041667,0.041667,,0.020833,0.0625,1,1,1,1,1,1,1,1,1,1,1,1,1,1,1,1,1,1,0.5,1,1,,0.5,1,1.317587,1.347417,1.398509,1.434722,1.425377,1.478916,1.55102,1.514232,1.519251,1.429251,1.344778,1.27349,1.295738,1.288283,1.300118,1.316756,1.320048,1.306343,0.646913,1.296662,1.311272,,0.679829,1.331714
7369673,Toronto,Transit Shelter,Fort York Blvd SS 17.6m E/O Bastion St F/E - O,43.637501,-79.403505,0,0,East,949,780,0.821918,1.246261,Thu,0.029117,0.030937,0.025478,0.026388,0.011829,0.006369,0.00273,0.00364,0.006369,0.013649,0.035487,0.070974,0.085532,0.071884,0.047316,0.049136,0.051865,0.040946,0.071884,0.102821,0.053685,0.049136,0.050045,0.062784,0.820513,0.755556,0.717949,0.805556,0.541667,0.7,0.333333,0.4,0.7,0.833333,0.886364,0.83871,0.824561,0.908046,0.776119,0.9,0.826087,0.775862,0.76699,0.875969,0.746835,0.818182,0.859375,0.758242,1.116607,1.063147,1.048226,1.19734,0.827249,1.115474,0.533984,0.619961,1.04408,1.175163,1.172444,1.076853,1.073275,1.183216,1.036557,1.227273,1.108815,1.030305,0.999772,1.143979,0.983161,1.063611,1.138135,0.990821
7369673,Toronto,Transit Shelter,Fort York Blvd SS 17.6m E/O Bastion St F/E - O,43.637501,-79.403505,0,0,East,1013,833,0.82231,1.207307,Mon,0.047257,0.037131,0.032068,0.027004,0.01519,0.002532,0.003376,0.002532,0.002532,0.013502,0.036287,0.089451,0.089451,0.040506,0.044726,0.035443,0.036287,0.059072,0.072574,0.089451,0.061603,0.070886,0.043882,0.047257,0.835821,0.721311,0.666667,0.744186,0.818182,0.375,0.666667,0.75,0.428571,0.761905,0.796296,0.861789,0.828125,0.774194,0.868852,0.792453,0.843137,0.864198,0.886598,0.821705,0.811111,0.815534,0.852459,0.756757,1.117203,1.005069,0.952844,1.073143,1.19619,0.561717,1.00914,1.103365,0.618463,1.040537,1.053353,1.101643,1.061169,0.983061,1.10118,1.041783,1.116605,1.121615,1.144575,1.057471,1.041555,1.043834,1.104129,0.986738
3087466,Toronto,Transit Shelter,Dundas St. West W/O Gilmour SS F/W - I,43.6655,-79.4792,68.3,47.3,West,124,102,0.822581,1.23648,Sat,0.078014,0.042553,0.035461,0.014184,0.007092,0.014184,,,,,0.007092,0.035461,0.035461,0.028369,0.06383,0.049645,0.070922,0.06383,0.12766,0.106383,0.085106,0.021277,0.035461,0.078014,0.846154,0.857143,0.714286,0.5,0.5,0.666667,,,,,1,0.714286,1,0.8,0.692308,0.777778,0.769231,0.9,0.782609,0.882353,1,0.75,1,0.916667,1.116195,1.16346,1.009165,0.715675,0.739891,0.985879,,,,,1.404311,0.936743,1.330468,1.052522,0.924554,1.028531,0.997607,1.158579,1.006293,1.128398,1.290891,0.978534,1.314389,1.216216
7369673,Toronto,Transit Shelter,Fort York Blvd SS 17.6m E/O Bastion St F/E - O,43.637501,-79.403505,0,0,East,927,765,0.825243,1.23085,Wed,0.038801,0.041446,0.022046,0.015873,0.0194,0.008818,0.003527,0.006173,0.005291,0.018519,0.031746,0.061728,0.075838,0.064374,0.046737,0.045855,0.042328,0.046737,0.066138,0.078483,0.085538,0.067019,0.06261,0.044974,0.721311,0.783333,0.657895,0.666667,0.785714,0.714286,0.444444,0.7,0.666667,0.807692,0.8,0.875,0.781818,0.890244,0.828125,0.852459,0.8,0.757143,0.78125,0.872549,0.906542,0.873563,0.763441,0.822581,0.958079,1.073247,0.922429,0.946377,1.134558,1.048381,0.657764,1.028003,0.961265,1.118307,1.042218,1.114089,0.998507,1.133025,1.056542,1.113676,1.063126,0.992628,1.01961,1.130071,1.177037,1.132932,0.996458,1.089653
2269272,Toronto,Transit Shelter,Lawrence Ave W NS W/O Bathurst St F/W - I,43.719287,-79.429857,68.3,47.3,West,451,373,0.827051,1.233547,Wed,0.053191,0.028369,0.014184,0.01773,0.008865,0.007092,0.008865,0.001773,0.005319,0.005319,0.015957,0.056738,0.072695,0.108156,0.062057,0.046099,0.035461,0.065603,0.069149,0.070922,0.072695,0.058511,0.054965,0.060284,0.857143,0.727273,0.727273,0.833333,0.833333,0.8,1,0.5,1,0.75,0.9,0.941176,0.82,0.897059,0.813953,0.896552,0.909091,0.804348,0.847826,0.8,0.803922,0.825,0.815789,0.918919,1.138498,0.996439,1.019704,1.182971,1.203319,1.174186,1.479971,0.734288,1.441897,1.038429,1.172495,1.198347,1.047272,1.141699,1.038461,1.171281,1.208098,1.054515,1.106499,1.03611,1.043797,1.06995,1.064783,1.217269
7192322,Toronto,Transit Shelter,Lawrence Ave W 12 meter W/O Brookhaven Dr SS F/W-I,43.704239,-79.496797,68.3,47.3,West,76,63,0.828947,1.217051,Mon,0.034091,0.022727,0.034091,0.011364,0.011364,0.011364,,,0.022727,0.022727,0.011364,0.125,0.102273,0.090909,0.034091,0.056818,0.011364,0.045455,0.022727,0.079545,0.090909,0.056818,0.034091,0.068182,0.5,0.4,0.5,0.333333,0.25,0.5,0,0,0.666667,0.4,0.25,0.916667,0.75,0.8,0.6,0.625,0.25,0.5,0.333333,0.636364,0.8,0.833333,1,0.75,0.668327,0.557357,0.714633,0.480678,0.365502,0.748956,0,0,0.962056,0.546282,0.330704,1.171795,0.961059,1.015829,0.760438,0.821644,0.331086,0.648934,0.430324,0.818952,1.027287,1.066616,1.295228,0.977928
4945729,Toronto,Transit Shelter,Don Mills Rd E (3002) SEC 11.3m S/O Deerford Rd F/S - I,43.7853,-79.3505,68.3,47.3,South,83,69,0.831325,1.260525,Thu,0.0625,0.0625,0.05,0.0375,0.0125,,,,,0.0125,0.0375,0.0375,0.05,0.0375,0.0375,0.0375,0.05,0.05,0.05,0.1,0.0625,0.0875,0.025,0.1,1,1,1,0.75,1,,,,0,0.5,0.6,0.75,0.666667,0.5,0.75,0.6,0.8,1,0.666667,0.888889,0.714286,0.875,0.4,0.8,1.360865,1.407105,1.460029,1.114764,1.527228,,,,0,0.705098,0.793654,0.962954,0.867755,0.651518,1.001673,0.818182,1.0738,1.327949,0.869001,1.160852,0.940313,1.137473,0.52975,1.045388
4940799,Toronto,Transit Shelter,Weston Rd (3227) SEC 18.5m S/O Bradstock Rd F/N - O,43.7389,-79.5392,68.3,47.3,North,107,89,0.831776,1.254657,Fri,0.008547,0.017094,,0.017094,0.008547,,,,,,0.008547,0.076923,0.068376,0.145299,0.068376,0.042735,0.025641,0.094017,0.094017,0.119658,0.076923,0.051282,0.034188,0.042735,0.5,1,,0.666667,1,0,,,,,1,0.9,0.888889,0.894737,0.8,1,0.6,1,0.846154,0.823529,0.75,0.75,1,0.714286,0.658794,1.347417,,0.956482,1.425377,0,,,,,1.344778,1.146141,1.151767,1.152674,1.040094,1.316756,0.792029,1.306343,1.094777,1.067839,0.983454,0.990516,1.359658,0.951225
2269272,Toronto,Transit Shelter,Lawrence Ave W NS W/O Bathurst St F/W - I,43.719287,-79.429857,68.3,47.3,West,404,337,0.834158,1.264821,Thu,0.028902,0.036609,0.019268,0.015414,0.009634,0.003854,0.001927,,0.001927,0.00578,0.015414,0.038536,0.088632,0.065511,0.057803,0.036609,0.05395,0.065511,0.11368,0.121387,0.073218,0.042389,0.042389,0.061657,0.789474,0.904762,0.909091,1,1,0.666667,0.5,,1,0.75,0.8,0.769231,0.836364,0.829268,0.909091,0.826087,0.823529,0.918919,0.867647,0.875,0.904762,0.758621,0.88,0.820513,1.074367,1.273095,1.327299,1.486352,1.527228,1.062357,0.800977,,1.491542,1.057647,1.058205,0.987646,1.088639,1.080565,1.21415,1.126483,1.105381,1.220278,1.130978,1.142714,1.191062,0.986184,1.16545,1.072193
7362639,Toronto,Transit Shelter,Leslie St ES 13.5m S/O Talwood Dr F/W - L,43.740733,-79.357199,0,0,West,128,107,0.835938,1.246801,Wed,0.025806,0.03871,0.025806,0.012903,0.012903,0.012903,0.006452,0.006452,0.006452,0.025806,0.032258,0.025806,0.064516,0.070968,0.045161,0.045161,0.03871,0.090323,0.058065,0.058065,0.070968,0.109677,0.051613,0.064516,0.8,1,1,0.666667,1,1,1,1,1,1,0.833333,1,0.909091,0.6875,1,0.875,1,0.875,0.818182,0.75,0.785714,0.809524,0.888889,1,1.062598,1.370103,1.402092,0.946377,1.443983,1.467733,1.479971,1.468575,1.441897,1.384572,1.085643,1.273245,1.161055,0.87499,1.275824,1.143124,1.328907,1.147141,1.06781,0.971353,1.020156,1.049879,1.160195,1.324675
7223396,Toronto,Transit Shelter,Wilson Ave NS 19.8m W/O Belgrave Ave F/S - R,43.740678,-79.418425,0,0,South,354,296,0.836158,1.555608,total,0.04814,0.037199,0.019694,0.028446,0.010941,0.002188,0.002188,,,0.004376,0.013129,0.032823,0.067834,0.067834,0.04814,0.035011,0.063457,0.063457,0.089716,0.100656,0.065646,0.056893,0.045952,0.09628,0.846154,0.809524,0.9,0.866667,0.833333,1,1,,,1,1,0.789474,0.815789,0.911765,0.916667,0.842105,0.828571,0.935484,0.836735,0.867925,0.882353,0.866667,0.807692,0.916667,1.21394,1.197287,1.383077,1.357636,1.329029,1.638595,1.67729,,,1.533333,1.447576,1.099182,1.145015,1.273205,1.283637,1.194265,1.173938,1.31663,1.166931,1.215988,1.240779,1.222943,1.152997,1.312464
7369673,Toronto,Transit Shelter,Fort York Blvd SS 17.6m E/O Bastion St F/E - O,43.637501,-79.403505,0,0,East,963,806,0.836968,1.262488,Fri,0.036134,0.034327,0.038844,0.017164,0.015357,0.003613,0.003613,0.003613,0.00271,0.00813,0.028907,0.056007,0.075881,0.057814,0.04878,0.03252,0.047877,0.064137,0.084914,0.091238,0.054201,0.068654,0.050587,0.074977,0.816327,0.808511,0.877551,0.826087,0.708333,0.5,0.444444,0.444444,0.75,0.818182,0.888889,0.885714,0.807692,0.790123,0.818182,0.75,0.913793,0.747368,0.846847,0.863248,0.869565,0.817204,0.788732,0.838384,1.075582,1.089401,1.227263,1.185205,1.009641,0.739458,0.689342,0.672991,1.139438,1.169388,1.195359,1.127947,1.046557,1.017902,1.063733,0.987567,1.206251,0.976319,1.095673,1.119341,1.140237,1.079272,1.072406,1.116488
2272105,Toronto,Transit Shelter,Weston Rd. 8m N/O Bushey Ave. WS F/S-O,43.684187,-79.483522,68.3,47.3,South,99,83,0.838384,1.25045,Wed,0.044118,0.080882,0.051471,0.029412,0.029412,0.022059,0.007353,,,0.007353,0.036765,0.029412,0.073529,0.044118,0.058824,0.066176,0.051471,0.036765,0.044118,0.051471,0.022059,0.066176,0.088235,0.058824,0.75,0.846154,0.777778,0.8,0.8,0.6,0.333333,0,0,0.5,1,1,0.769231,0.857143,0.888889,0.818182,0.875,1,0.857143,0.777778,0.5,0.75,1,0.727273,0.996185,1.159318,1.090516,1.135652,1.155186,0.88064,0.493323,0,0,0.692286,1.302772,1.273245,0.982431,1.090897,1.134066,1.068896,1.162794,1.311018,1.118659,1.007329,0.64919,0.972682,1.305219,0.963401
7184739,Toronto,Transit Shelter,Cummer Av SS 21.5m W/O Leslie St F/E - O,43.801107,-79.371023,68.3,47.3,East,448,376,0.839286,1.561427,total,0.057052,0.050713,0.030111,0.011094,0.006339,0.00317,0.00317,0.001585,0.001585,,0.006339,0.012678,0.053883,0.058637,0.049128,0.057052,0.069731,0.066561,0.104596,0.087163,0.057052,0.055468,0.088748,0.068146,0.857143,0.941176,0.826087,1,1,1,1,0.5,0.5,0,1,1,0.894737,0.787234,0.815789,0.923077,0.862745,0.807692,0.891892,0.964912,0.734694,0.853659,0.903226,0.811321,1.229706,1.392,1.269491,1.566502,1.594835,1.638595,1.67729,0.819862,0.805754,0,1.447576,1.392296,1.255824,1.099308,1.142374,1.309099,1.222356,1.136771,1.243854,1.35187,1.033139,1.204588,1.289374,1.161632
4853022,Toronto,Transit Shelter,Lawrence Ave E (4363)-opp NS 13.1m E/O Fern Meadow Rd F/W - O,43.7718,-79.1715,68.3,47.3,West,25,21,0.84,1.239657,Tue,,,,,,,0.083333,,,,,0.083333,0.166667,0.041667,0.083333,0.083333,0.041667,0.083333,0.125,0.125,0.041667,,,0.041667,,,,,,,1,,,,,0.666667,1,1,1,0.666667,1,1,1,1,0.5,,0,1,,,,,,,1.459302,,,,,0.845521,1.277978,1.278823,1.294088,0.875257,1.30517,1.301805,1.304562,1.309183,0.651428,,0,1.293569
2269272,Toronto,Transit Shelter,Lawrence Ave W NS W/O Bathurst St F/W - I,43.719287,-79.429857,68.3,47.3,West,1672,1406,0.840909,1.564447,total,0.041248,0.039813,0.026542,0.017217,0.010402,0.007891,0.003228,0.003228,0.001435,0.003945,0.012554,0.028336,0.055595,0.06241,0.06241,0.063128,0.06241,0.086442,0.090746,0.095409,0.066356,0.045552,0.053443,0.060258,0.766667,0.847328,0.804348,0.888889,0.828571,0.814815,0.75,0.818182,0.8,0.733333,0.853659,0.849462,0.885714,0.878788,0.865672,0.916667,0.87,0.870036,0.848993,0.855305,0.864486,0.84106,0.841808,0.908108,1.099904,1.253199,1.236084,1.392446,1.321434,1.335152,1.257967,1.341592,1.289206,1.124444,1.235736,1.182703,1.24316,1.227155,1.212227,1.300008,1.232635,1.224516,1.184026,1.198307,1.215655,1.18681,1.201699,1.30021
7177018,Toronto,Signature Column/Colonne Signature,Avenue Road WS 11.6m S/O Brooke Av F/S -,43.733145,-79.419544,0,0,South,146,123,0.842466,1.245631,Sun,0.10828,0.089172,0.019108,0.038217,0.006369,0.025478,0.012739,0.006369,0.006369,0.006369,0.006369,0.006369,0.038217,0.019108,0.031847,0.031847,0.095541,0.044586,0.133758,0.095541,0.019108,0.031847,0.038217,0.089172,0.85,0.777778,1,0.75,0.5,1,1,1,1,1,1,1,1,1,0.714286,0.833333,0.9375,0.777778,0.84,0.9375,1,0.714286,0.75,0.823529,1.121134,1.048621,1.391765,1.058515,0.717774,1.483136,1.510711,1.497735,1.479259,1.424719,1.374918,1.34201,1.375162,1.362129,0.953491,1.105932,1.236103,1.005306,1.0674,1.193863,1.289595,0.950795,0.994555,1.083364
4945729,Toronto,Transit Shelter,Don Mills Rd E (3002) SEC 11.3m S/O Deerford Rd F/S - I,43.7853,-79.3505,68.3,47.3,South,83,70,0.843373,1.238231,Mon,0.05814,0.023256,0.046512,0.023256,0.023256,0.011628,,,,,0.011628,0.034884,0.05814,0.023256,0.034884,0.023256,,0.093023,0.05814,0.069767,0.093023,0.116279,0.069767,0.127907,0.833333,1,0.8,0.5,0.666667,0.333333,,0,,0,0.333333,0.75,0.833333,1,1,0.666667,0,0.888889,0.714286,1,0.888889,1,0.857143,0.846154,1.113878,1.393392,1.143413,0.721018,0.974674,0.499303,,0,,0,0.440938,0.958741,1.067843,1.269786,1.267397,0.876421,0,1.153661,0.922125,1.286923,1.14143,1.279939,1.110195,1.103303
7406608,Toronto,Bike Share,Queen St W / Ossington Ave,43.643975,-79.419576,55,37,,135,114,0.844444,1.246215,Tue,0.05,0.011111,0.044444,0.022222,,0.011111,,0.011111,,0.005556,0.005556,0.061111,0.072222,0.061111,0.05,0.077778,0.083333,0.066667,0.077778,0.094444,0.088889,0.016667,0.038889,0.05,1,1,1,1,,0.666667,,0.666667,,1,0.5,0.916667,0.8125,0.846154,0.75,0.875,0.75,0.8,1,0.85,0.888889,0.6,0.875,0.75,1.33165,1.357023,1.403211,1.412549,,0.969734,,0.97087,,1.372305,0.654053,1.162591,1.038357,1.082081,0.970566,1.148775,0.978877,1.041444,1.304562,1.112806,1.158095,0.778351,1.139951,0.970177
2270737,Toronto,Transit Shelter,Broadview Ave WS 10m N/O Langley Ave F/N - I,43.667805,-79.353303,68.3,47.3,North,245,207,0.844898,1.571868,total,0.042424,0.042424,0.030303,0.027273,0.021212,0.006061,0.006061,0.009091,0.00303,0.00303,0.006061,0.015152,0.045455,0.045455,0.048485,0.039394,0.060606,0.075758,0.106061,0.066667,0.078788,0.075758,0.060606,0.084848,0.823529,0.823529,0.714286,0.818182,0.875,0.666667,1,1,1,1,1,0.833333,0.882353,0.882353,0.941176,0.928571,0.8,0.925926,0.833333,0.785714,0.866667,0.862069,0.909091,0.903226,1.181481,1.218,1.097681,1.281684,1.395481,1.092397,1.67729,1.639723,1.611507,1.533333,1.447576,1.160246,1.238442,1.232134,1.317958,1.31689,1.133458,1.303178,1.162186,1.100808,1.218722,1.216455,1.297747,1.29322
7177018,Toronto,Column,Avenue Road WS 11.6m S/O Brooke Av F/S -,43.733145,-79.419544,0,0,South,784,666,0.84949,1.580411,total,0.066084,0.048591,0.019436,0.023324,0.005831,0.004859,0.005831,0.000972,0.002915,0.002915,0.003887,0.024295,0.05345,0.047619,0.058309,0.050534,0.065112,0.079689,0.094266,0.100097,0.06414,0.067055,0.047619,0.063168,0.944444,0.877193,0.833333,0.8,0.857143,1,1,1,1,0.75,0.8,0.892857,0.859375,0.830508,0.821918,0.776119,0.87013,0.82,0.808333,0.837398,0.835443,0.821429,0.830508,0.866667,1.354953,1.297369,1.280626,1.253202,1.367002,1.638595,1.67729,1.639723,1.611507,1.15,1.158061,1.243121,1.206191,1.159736,1.150957,1.100684,1.232819,1.154094,1.127321,1.173219,1.174814,1.159109,1.185568,1.240875
7222428,Toronto,Transit Shelter,Bayview Ave WS 16.9m S/O Byng Ave F/N - I,43.781563,-79.391459,68.3,47.3,North,120,102,0.85,1.288842,Thu,0.042373,0.059322,0.025424,0.025424,,,0.008475,,,,,0.084746,0.101695,0.042373,0.016949,0.033898,0.033898,0.016949,0.059322,0.118644,0.042373,0.067797,0.084746,0.135593,1,0.777778,1,1,,,1,,,,,1,0.923077,0.833333,0.666667,0.8,1,0.4,0.875,0.777778,0.833333,0.888889,0.909091,0.842105,1.360865,1.094415,1.460029,1.486352,,,1.601953,,,,,1.283939,1.201507,1.085862,0.890377,1.09091,1.342249,0.53118,1.140563,1.015746,1.097031,1.155528,1.203978,1.100408
2269886,Toronto,Transit Shelter,Sheppard Ave. (Scar) NS 225m E/O Havenview Rd. F/E - I,43.792669,-79.24551,68.3,47.3,East,120,102,0.85,1.267775,Wed,0.115702,0.041322,0.008264,0.008264,0.041322,,0.016529,,0.008264,0.008264,0.033058,0.041322,0.008264,0.082645,0.057851,0.057851,0.041322,0.090909,0.066116,0.066116,0.057851,0.066116,0.033058,0.049587,0.933333,0.714286,0.5,1,1,,1,,1,0.5,1,0.833333,1,1,0.777778,1,0.714286,0.846154,0.666667,0.727273,1,0.888889,0.666667,1,1.239697,0.978646,0.701046,1.419565,1.443983,,1.479971,,1.441897,0.692286,1.302772,1.061037,1.27716,1.272713,0.992308,1.306428,0.94922,1.109323,0.870068,0.941918,1.298381,1.152808,0.870146,1.324675
2269578,Toronto,Transit Shelter,York Mills Rd. SS 15m W/O Upjohn Rd. F/E - O,43.754915,-79.351031,68.3,47.3,East,108,92,0.851852,1.25068,Mon,0.04386,0.026316,0.017544,,0.008772,,,,,0.017544,0.008772,0.017544,0.087719,0.131579,0.026316,0.008772,0.061404,0.078947,0.096491,0.087719,0.131579,0.035088,0.070175,0.04386,1,1,1,,1,,,,,1,1,1,0.769231,0.882353,0.75,0.5,1,0.818182,1,0.909091,0.789474,0.8,0.8,1,1.336654,1.393392,1.429266,,1.46201,,,,,1.365704,1.322816,1.278321,0.985702,1.1204,0.950547,0.657315,1.324345,1.061893,1.290974,1.169931,1.013771,1.023952,1.036182,1.303903
7406826,Toronto,Bike Share,George St / King St E,43.6509552,-79.3707,55,37,,230,196,0.852174,1.585405,total,0.059946,0.059946,0.027248,0.035422,0.021798,0.00545,0.013624,0.008174,0.00545,0.010899,0.00545,0.027248,0.054496,0.049046,0.054496,0.051771,0.046322,0.081744,0.070845,0.076294,0.06812,0.057221,0.049046,0.059946,0.846154,0.956522,0.909091,0.928571,1,0.666667,1,0.75,1,0.8,0.666667,0.833333,0.833333,0.818182,0.952381,0.904762,0.809524,0.909091,0.928571,0.823529,1,0.954545,0.857143,0.916667,1.21394,1.414697,1.397048,1.454608,1.594835,1.092397,1.67729,1.229792,1.611507,1.226667,0.965051,1.160246,1.169639,1.142524,1.333648,1.283125,1.146951,1.279484,1.295008,1.153788,1.406217,1.346947,1.22359,1.312464
18911,Toronto,Horizontal,Bayly St. (1635) (Pick.) SS 140m W/O Brock Rd. F/E - A,43.832446,-79.069321,10,20,East,62,53,0.854839,1.28497,Sat,0.050847,0.016949,0.050847,0.050847,0.033898,0.016949,,0.016949,,,0.016949,,0.016949,0.016949,0.033898,0.050847,0.067797,0.101695,0.135593,0.101695,0.033898,0.033898,0.050847,0.101695,1,0.5,1,1,1,1,0,1,,,1,,0.5,1,1,1,1,0.857143,0.8,0.666667,0.666667,1,1,0.857143,1.319139,0.678685,1.41283,1.43135,1.479782,1.478817,0,1.46008,,,1.404311,,0.665234,1.315653,1.335467,1.322396,1.296889,1.103408,1.028654,0.852568,0.860594,1.304711,1.314389,1.137241
2269410,Toronto,Transit Shelter,Keele St 15M N/O Hwy 401 Ramp ES F/N-O,43.724333,-79.481574,68.3,47.3,North,511,437,0.855186,1.27551,Wed,0.06015,0.031955,0.030075,0.016917,0.005639,0.015038,0.007519,0.007519,0.00188,0.007519,0.015038,0.046992,0.092105,0.039474,0.056391,0.028195,0.043233,0.033835,0.075188,0.073308,0.101504,0.086466,0.075188,0.048872,0.820513,0.894737,0.842105,0.9,0.75,0.888889,1,1,0.5,1,0.8,0.862069,0.907407,0.807692,0.882353,0.882353,0.766667,0.818182,0.833333,0.886364,0.885246,0.938776,0.851064,0.928571,1.089844,1.225882,1.180709,1.277609,1.082987,1.304651,1.479971,1.468575,0.720948,1.384572,1.042218,1.097625,1.158904,1.02796,1.125727,1.152731,1.018829,1.072651,1.087584,1.147963,1.149387,1.217507,1.110825,1.230055
2272105,Toronto,Transit Shelter,Weston Rd. 8m N/O Bushey Ave. WS F/S-O,43.684187,-79.483522,68.3,47.3,South,391,335,0.856777,1.593968,total,0.051676,0.061453,0.041899,0.02514,0.018156,0.013966,0.009777,0.00419,0.005587,0.006983,0.022346,0.034916,0.044693,0.051676,0.046089,0.057263,0.054469,0.061453,0.054469,0.078212,0.048883,0.067039,0.067039,0.072626,0.822222,0.916667,0.882353,0.818182,0.8125,0.769231,0.7,0.6,0.571429,0.625,0.842105,0.892857,0.820513,0.860465,0.846154,0.854167,0.866667,0.956522,0.886364,0.875,0.853659,0.827586,0.888889,0.866667,1.179606,1.355752,1.355958,1.281684,1.295804,1.260458,1.174103,0.983834,0.920862,0.958333,1.219011,1.243121,1.151646,1.201569,1.184895,1.211371,1.227913,1.346239,1.236145,1.225901,1.200429,1.167797,1.268908,1.240875
3087466,Toronto,Transit Shelter,Dundas St. West W/O Gilmour SS F/W - I,43.6655,-79.4792,68.3,47.3,West,126,108,0.857143,1.278429,Wed,0.119205,0.046358,0.02649,0.013245,0.006623,0.013245,0.013245,0.006623,0.006623,0.013245,0.006623,0.046358,0.02649,0.092715,0.059603,0.02649,0.046358,0.039735,0.046358,0.039735,0.092715,0.07947,0.05298,0.07947,1,1,1,1,1,1,1,1,0.5,1,1,1,0.666667,0.7,1,1,0.875,0.75,0.777778,0.666667,0.875,0.75,1,0.923077,1.328247,1.370103,1.402092,1.419565,1.443983,1.467733,1.479971,1.468575,0.720948,1.384572,1.302772,1.273245,0.851441,0.890899,1.275824,1.306428,1.162794,0.983264,1.015079,0.863425,1.136083,0.972682,1.305219,1.222777
4945729,Toronto,Transit Shelter,Don Mills Rd E (3002) SEC 11.3m S/O Deerford Rd F/S - I,43.7853,-79.3505,68.3,47.3,South,92,79,0.858696,1.267248,Tue,0.063158,0.031579,0.010526,0.052632,,,0.010526,0.010526,,,0.010526,0.031579,0.042105,0.073684,,0.052632,0.115789,0.084211,0.042105,0.084211,0.042105,0.073684,0.084211,0.084211,0.857143,0.75,0.333333,1,,,1,1,,0,1,1,0.8,0.875,,0.833333,0.733333,1,0.666667,1,0.8,1,1,0.888889,1.141415,1.017768,0.467737,1.412549,,,1.459302,1.456304,,0,1.308106,1.268281,1.022383,1.11897,,1.094071,0.957124,1.301805,0.869708,1.309183,1.042286,1.297252,1.302801,1.149839
7192322,Toronto,Transit Shelter,Lawrence Ave W 12 meter W/O Brookhaven Dr SS F/W-I,43.704239,-79.496797,68.3,47.3,West,71,61,0.859155,1.291457,Sat,0.1,0.125,0.025,0.0375,,0.0125,,,,0.0125,0.025,0.0625,0.0125,,0.025,0.0375,0.05,0.1,0.0375,0.0875,0.0625,0.025,0.0625,0.1,0.727273,0.909091,0.666667,0.75,,0.333333,0,,0,0.5,0.666667,0.625,0.333333,,1,0.75,0.666667,0.888889,0.5,0.7,0.714286,1,1,0.8,0.959374,1.233973,0.941887,1.073513,,0.492939,0,,0,0.702513,0.936208,0.81965,0.443489,,1.335467,0.991797,0.864593,1.144275,0.642909,0.895196,0.922065,1.304711,1.314389,1.061425
3087466,Toronto,Transit Shelter,Dundas St. West W/O Gilmour SS F/W - I,43.6655,-79.4792,68.3,47.3,West,130,112,0.861538,1.271442,Tue,0.025157,0.018868,0.037736,0.031447,0.006289,0.012579,,0.012579,0.012579,0.012579,0.018868,0.069182,0.08805,0.044025,0.062893,0.056604,0.062893,0.069182,0.050314,0.09434,0.08805,0.031447,0.044025,0.050314,0.8,0.75,0.857143,1,1,1,,1,1,1,1,0.785714,0.875,0.875,0.909091,0.9,0.714286,0.916667,0.8,0.833333,0.823529,1,0.777778,1,1.06532,1.017768,1.202753,1.412549,1.433334,1.4546,,1.456304,1.436272,1.372305,1.308106,0.996506,1.118231,1.11897,1.176444,1.181597,0.932264,1.193322,1.043649,1.090986,1.07294,1.297252,1.01329,1.293569
2269296,Toronto,Transit Shelter,Don Mills Rd 250M S/O Lawrence Ave E WS F/S-O,43.734942,-79.342896,68.3,47.3,South,616,532,0.863636,1.606729,total,0.05694,0.04745,0.036773,0.023725,0.015421,0.005931,0.002372,,0.002372,0.004745,0.011862,0.026097,0.043891,0.064057,0.03796,0.04745,0.052195,0.061684,0.099644,0.088968,0.055753,0.071174,0.061684,0.081851,0.842105,0.888889,0.911765,0.740741,0.8125,0.833333,1,,0.666667,0.666667,0.769231,0.846154,0.973684,0.931034,0.914286,0.851064,0.88,0.866667,0.848485,0.903614,0.903846,0.923077,0.912281,0.896104,1.208131,1.314668,1.401157,1.160372,1.295804,1.365495,1.67729,,1.074339,1.022223,1.11352,1.178097,1.366632,1.300113,1.280303,1.206971,1.246803,1.219775,1.183318,1.26599,1.271003,1.302543,1.3023,1.283023
2269410,Toronto,Transit Shelter,Keele St 15M N/O Hwy 401 Ramp ES F/N-O,43.724333,-79.481574,68.3,47.3,North,522,451,0.863985,1.303241,Fri,0.051661,0.02952,0.02214,0.016605,0.01476,,0.005535,0.00369,0.005535,0.00369,0.02214,0.049815,0.081181,0.071956,0.035055,0.042435,0.053506,0.051661,0.083026,0.081181,0.060886,0.083026,0.060886,0.070111,0.875,0.888889,0.923077,0.818182,0.888889,,0.75,1,1,0.666667,0.857143,0.9,0.897959,0.866667,0.95,0.821429,0.828571,0.875,0.918367,0.897959,0.846154,0.918367,0.891892,0.808511,1.152889,1.197704,1.290932,1.173864,1.267002,,1.163265,1.514232,1.519251,0.952835,1.152667,1.146141,1.16352,1.116512,1.235112,1.081622,1.093754,1.14305,1.188208,1.164349,1.109538,1.212876,1.212668,1.076705
2269886,Toronto,Transit Shelter,Sheppard Ave. (Scar) NS 225m E/O Havenview Rd. F/E - I,43.792669,-79.24551,68.3,47.3,East,140,121,0.864286,1.29917,Sat,0.103704,0.111111,0.044444,0.022222,0.037037,,0.022222,0.007407,0.007407,,0.007407,0.022222,0.022222,,0.02963,0.059259,0.037037,0.088889,0.014815,0.059259,0.066667,0.059259,0.02963,0.148148,0.823529,0.9375,1,1,0.833333,,1,1,1,0,1,1,0.75,,0.8,0.888889,1,0.923077,1,0.8,0.818182,0.533333,0.8,0.952381,1.08635,1.272534,1.41283,1.43135,1.233152,,1.544926,1.46008,1.452469,0,1.404311,1.311439,0.997851,,1.068373,1.175463,1.296889,1.188286,1.285818,1.023081,1.056183,0.695846,1.051511,1.263601
4853022,Toronto,Transit Shelter,Lawrence Ave E (4363)-opp NS 13.1m E/O Fern Meadow Rd F/W - O,43.7718,-79.1715,68.3,47.3,West,159,138,0.867925,1.614708,total,0.039604,0.054455,0.014851,0.00495,0.019802,,0.024752,0.00495,,0.00495,0.009901,0.029703,0.049505,0.049505,0.039604,0.059406,0.044554,0.094059,0.089109,0.094059,0.069307,0.059406,0.044554,0.09901,1,0.785714,1,0.5,1,0,0.714286,1,,1,0.5,0.75,0.909091,0.909091,0.888889,0.8,0.75,0.904762,0.9,0.904762,0.933333,0.923077,0.75,0.952381,1.434656,1.162072,1.536752,0.783251,1.594835,0,1.198064,1.639723,,1.533333,0.723788,1.044222,1.275971,1.269471,1.244739,1.134552,1.062616,1.273391,1.255162,1.267598,1.312468,1.302543,1.070641,1.363599
2270889,Toronto,Transit Shelter,Davenport Rd. 9M W/O Lightbourne Ave. SS F/W-I,43.672427,-79.443762,68.3,47.3,West,351,305,0.868946,1.616608,total,0.057971,0.028986,0.028986,0.020704,0.004141,0.006211,0.006211,0.008282,0.00207,0.010352,0.020704,0.041408,0.05176,0.049689,0.049689,0.039337,0.064182,0.080745,0.097308,0.091097,0.047619,0.062112,0.066253,0.064182,0.875,0.777778,1,0.769231,0.4,1,1,1,1,0.714286,0.833333,0.869565,0.862069,0.888889,0.827586,0.730769,0.885714,0.866667,0.886792,0.88,0.884615,0.882353,0.842105,0.885714,1.255324,1.150335,1.536752,1.205002,0.637934,1.638595,1.67729,1.639723,1.611507,1.095238,1.206313,1.210692,1.209972,1.241261,1.158894,1.036369,1.254899,1.219775,1.236742,1.232906,1.24396,1.245078,1.202123,1.268146
7192322,Toronto,Transit Shelter,Lawrence Ave W 12 meter W/O Brookhaven Dr SS F/W-I,43.704239,-79.496797,68.3,47.3,West,84,73,0.869048,1.310878,Fri,0.022472,0.05618,0.011236,,0.011236,0.011236,,,,0.011236,0.022472,0.05618,0.101124,0.078652,0.044944,0.044944,0.05618,0.033708,0.067416,0.101124,0.089888,0.022472,0.089888,0.067416,0.5,0.714286,0.25,0,0.333333,0.333333,0,0,0,0.333333,0.4,0.625,0.9,0.7,0.8,0.666667,0.714286,0.6,0.666667,0.9,0.8,0.666667,0.888889,1,0.658794,0.962441,0.349627,0,0.475125,0.492971,0,0,0,0.476417,0.537911,0.795931,1.166164,0.901798,1.040094,0.877838,0.942892,0.783806,0.862552,1.166996,1.049018,0.880459,1.208585,1.331714
4940799,Toronto,Transit Shelter,Weston Rd (3227) SEC 18.5m S/O Bradstock Rd F/N - O,43.7389,-79.5392,68.3,47.3,North,93,81,0.870968,1.320635,Thu,0.042017,,0.02521,,0.008403,,,0.008403,,,0.042017,0.058824,0.109244,0.07563,0.05042,0.042017,0.042017,0.042017,0.117647,0.084034,0.058824,0.067227,0.05042,0.07563,0.833333,0,0.75,,1,,,1,,,1,0.875,0.928571,0.9,1,0.833333,0.833333,1,0.875,0.833333,1,0.888889,0.857143,0.9,1.134053,0,1.095022,,1.527228,,,1.549902,,,1.322757,1.123447,1.208658,1.172732,1.335565,1.136364,1.118541,1.327949,1.140563,1.088298,1.316437,1.155528,1.135179,1.176062
7192322,Toronto,Transit Shelter,Lawrence Ave W 12 meter W/O Brookhaven Dr SS F/W-I,43.704239,-79.496797,68.3,47.3,West,78,68,0.871795,1.288995,Sun,0.073684,0.052632,0.042105,0.010526,0.042105,0.021053,0.010526,0.021053,,0.010526,0.021053,0.010526,0.010526,0.010526,0.052632,0.073684,0.063158,0.115789,0.073684,0.084211,0.021053,0.010526,0.031579,0.136842,0.7,0.714286,0.666667,0.5,0.666667,0.4,0.25,0.666667,0,0.333333,0.4,0.25,0.333333,0.25,0.625,0.777778,0.75,1,0.777778,0.727273,0.5,1,0.5,0.8125,0.923287,0.963019,0.927844,0.705676,0.957033,0.593254,0.377678,0.99849,0,0.474906,0.549967,0.335502,0.458387,0.340532,0.834304,1.032204,0.988882,1.292536,0.988334,0.926149,0.644798,1.331113,0.663037,1.068855
2272105,Toronto,Transit Shelter,Weston Rd. 8m N/O Bushey Ave. WS F/S-O,43.684187,-79.483522,68.3,47.3,South,104,91,0.875,1.291309,Tue,0.029412,0.052941,0.023529,0.005882,0.023529,0.023529,0.005882,0.011765,,0.005882,0.035294,0.047059,0.058824,0.070588,0.076471,0.052941,0.070588,0.064706,0.041176,0.064706,0.023529,0.047059,0.076471,0.088235,0.714286,0.818182,0.8,0.333333,0.8,0.8,0.5,0.666667,0,1,0.857143,0.8,0.833333,0.857143,0.866667,0.818182,0.923077,0.916667,0.777778,0.785714,0.8,0.888889,0.928571,0.833333,0.951179,1.110292,1.122569,0.470849,1.146667,1.16368,0.729651,0.97087,0,1.372305,1.121234,1.014625,1.064981,1.096134,1.121543,1.074179,1.204772,1.193322,1.014659,1.028644,1.042286,1.153113,1.209743,1.077974
2269410,Toronto,Transit Shelter,Keele St 15M N/O Hwy 401 Ramp ES F/N-O,43.724333,-79.481574,68.3,47.3,North,410,360,0.878049,1.298242,Sun,0.109813,0.07243,0.051402,0.044393,0.03271,0.004673,0.009346,0.009346,0.002336,0.009346,0.016355,0.011682,0.025701,0.035047,0.053738,0.056075,0.084112,0.084112,0.067757,0.077103,0.030374,0.021028,0.042056,0.049065,0.94,0.885714,0.814815,0.904762,0.933333,0.666667,0.8,1,1,0.8,1,1,0.785714,0.9375,0.958333,0.888889,0.9,0.947368,0.805556,0.868421,0.866667,0.75,0.857143,0.84,1.239842,1.194143,1.134031,1.276938,1.339845,0.988758,1.208569,1.497735,1.479259,1.139775,1.374918,1.34201,1.080484,1.276996,1.279266,1.179661,1.186659,1.224507,1.023631,1.105894,1.11765,0.998335,1.136635,1.105032
3087466,Toronto,Transit Shelter,Dundas St. West W/O Gilmour SS F/W - I,43.6655,-79.4792,68.3,47.3,West,94,83,0.882979,1.331892,Fri,0.017241,0.008621,0.017241,0.008621,0.017241,0.008621,0.008621,0.008621,,0.008621,0.017241,0.068966,0.060345,0.086207,0.086207,0.051724,0.025862,0.077586,0.103448,0.068966,0.094828,0.025862,0.051724,0.077586,0.666667,1,1,1,0.666667,0.5,1,1,,0.5,1,1,0.875,0.833333,1,0.666667,0.6,0.818182,0.75,1,1,1,1,0.9,0.878392,1.347417,1.398509,1.434722,0.950252,0.739458,1.55102,1.514232,,0.714626,1.344778,1.27349,1.133771,1.073569,1.300118,0.877838,0.792029,1.068826,0.97037,1.296662,1.311272,1.320688,1.359658,1.198543
2269578,Toronto,Transit Shelter,York Mills Rd. SS 15m W/O Upjohn Rd. F/E - O,43.754915,-79.351031,68.3,47.3,East,120,106,0.883333,1.339384,Thu,0.051471,0.066176,0.036765,0.014706,0.022059,,,,,0.007353,0.007353,0.022059,0.125,0.102941,0.007353,0.029412,0.022059,0.044118,0.132353,0.102941,0.058824,0.036765,0.022059,0.088235,1,1,1,1,1,,,,,1,1,0.75,0.85,1,0.5,1,0.6,0.857143,0.947368,0.875,1,1,0.5,0.923077,1.360865,1.407105,1.460029,1.486352,1.527228,,,,,1.410197,1.322757,0.962954,1.106388,1.303035,0.667782,1.363637,0.80535,1.138242,1.234895,1.142714,1.316437,1.299969,0.662188,1.206217
7184739,Toronto,Transit Shelter,Cummer Av SS 21.5m W/O Leslie St F/E - O,43.801107,-79.371023,68.3,47.3,East,118,105,0.889831,1.313196,Tue,0.05,0.05,0.028571,,0.014286,,,,,,0.007143,0.014286,0.114286,0.085714,0.05,0.085714,0.071429,0.071429,0.064286,0.035714,0.064286,0.021429,0.085714,0.085714,1,0.875,0.8,,1,,,,,,1,1,0.941176,0.75,0.777778,1,1,0.909091,0.9,1,0.9,1,0.857143,0.857143,1.33165,1.187395,1.122569,,1.433334,,,,,,1.308106,1.268281,1.202802,0.959117,1.006513,1.312886,1.30517,1.18346,1.174105,1.309183,1.172571,1.297252,1.116687,1.108774
2269578,Toronto,Transit Shelter,York Mills Rd. SS 15m W/O Upjohn Rd. F/E - O,43.754915,-79.351031,68.3,47.3,East,132,118,0.893939,1.343744,Sat,0.045802,0.061069,0.068702,0.022901,0.007634,,0.007634,,,0.007634,0.015267,,0.030534,0.038168,0.030534,0.045802,0.083969,0.076336,0.137405,0.10687,0.061069,0.030534,0.038168,0.083969,0.857143,1,1,1,1,,1,,,1,1,,1,1,0.8,0.857143,0.916667,0.833333,0.947368,0.933333,0.8,0.8,0.833333,0.785714,1.130691,1.35737,1.41283,1.43135,1.479782,,1.544926,,,1.405025,1.404311,,1.330468,1.315653,1.068373,1.133483,1.188815,1.072757,1.218143,1.193594,1.032712,1.043769,1.095323,1.04247
3087466,Toronto,Transit Shelter,Dundas St. West W/O Gilmour SS F/W - I,43.6655,-79.4792,68.3,47.3,West,114,102,0.894737,1.356676,Thu,0.025974,0.032468,0.038961,0.025974,,,0.006494,,,0.006494,0.045455,0.071429,0.071429,0.064935,0.032468,0.045455,0.051948,0.071429,0.084416,0.090909,0.077922,0.058442,0.038961,0.058442,0.8,0.833333,0.75,1,,,1,,,1,1,1,0.846154,0.909091,0.625,1,1,0.846154,0.928571,0.823529,0.923077,0.9,0.857143,0.9,1.088692,1.172587,1.095022,1.486352,,,1.601953,,,1.410197,1.322757,1.283939,1.101382,1.184578,0.834728,1.363637,1.342249,1.123649,1.210393,1.075495,1.215173,1.169972,1.135179,1.176062
7362639,Toronto,Transit Shelter,Leslie St ES 13.5m S/O Talwood Dr F/W - L,43.740733,-79.357199,0,0,West,96,86,0.895833,1.358337,Thu,0.03937,0.047244,0.023622,0.007874,0.015748,0.007874,0.007874,0.007874,0.007874,0.015748,0.023622,0.102362,0.094488,0.086614,0.031496,0.055118,0.023622,0.03937,0.055118,0.094488,0.047244,0.055118,0.03937,0.070866,1,1,1,1,0.666667,1,1,1,1,1,1,1,0.8,0.916667,1,1,0.75,1,0.875,0.857143,0.6,1,0.833333,1,1.360865,1.407105,1.460029,1.486352,1.018153,1.593534,1.601953,1.549902,1.491542,1.410197,1.322757,1.283939,1.041306,1.194449,1.335565,1.363637,1.006687,1.327949,1.140563,1.119393,0.789862,1.299969,1.103646,1.306735
7406826,Toronto,Bike Share / VÃ©los en ville,George St / King St E,43.6509552,-79.3707,55,37,,58,52,0.896552,1.316308,Mon,0.081081,0.067568,,,0.027027,,0.013514,,,0.013514,0.027027,0.027027,0.027027,0.094595,0.013514,,0.040541,0.094595,0.081081,0.067568,0.121622,0.040541,0.054054,0.108108,0.75,1,,,1,,1,,,0.5,0.666667,1,1,1,1,,0.75,0.777778,1,1,1,1,1,1,1.00249,1.393392,,,1.46201,,1.513709,,,0.682852,0.881878,1.278321,1.281412,1.269786,1.267397,,0.993259,1.009454,1.290974,1.286923,1.284109,1.279939,1.295228,1.303903
7362639,Toronto,Transit Shelter,Leslie St ES 13.5m S/O Talwood Dr F/W - L,43.740733,-79.357199,0,0,West,111,100,0.900901,1.329533,Tue,0.041379,0.034483,0.027586,0.02069,0.006897,0.006897,0.006897,0.006897,,0.013793,0.027586,0.041379,0.048276,0.103448,0.048276,0.055172,0.075862,0.034483,0.055172,0.103448,0.075862,0.041379,0.048276,0.075862,0.857143,1,0.8,1,1,1,1,1,,1,1,1,0.777778,0.882353,1,0.888889,0.916667,0.833333,1,1,0.846154,0.857143,1,1,1.141415,1.357023,1.122569,1.412549,1.433334,1.4546,1.459302,1.456304,,1.372305,1.308106,1.268281,0.993983,1.128373,1.294088,1.16701,1.196406,1.084837,1.304562,1.309183,1.102418,1.111931,1.302801,1.293569
2269578,Toronto,Transit Shelter,York Mills Rd. SS 15m W/O Upjohn Rd. F/E - O,43.754915,-79.351031,68.3,47.3,East,140,130,0.928571,1.384964,Wed,0.041667,0.041667,0.029762,0.011905,,0.005952,,,0.005952,0.005952,0.017857,0.011905,0.083333,0.107143,0.047619,0.065476,0.071429,0.071429,0.083333,0.035714,0.071429,0.041667,0.071429,0.077381,0.777778,1,1,1,,1,,,1,1,1,0.666667,0.933333,0.947368,1,1,0.923077,0.923077,0.933333,0.75,1,0.875,1,1,1.033081,1.370103,1.402092,1.419565,,1.467733,,,1.441897,1.384572,1.302772,0.84883,1.192016,1.205728,1.275824,1.306428,1.226684,1.210171,1.218094,0.971353,1.298381,1.134796,1.305219,1.324675
2269296,Toronto,Transit Shelter,Don Mills Rd 250M S/O Lawrence Ave E WS F/S-O,43.734942,-79.342896,68.3,47.3,South,142,132,0.929577,1.397314,Sat,0.080745,0.074534,0.055901,0.043478,0.024845,0.018634,,,,,0.006211,0.006211,0.006211,0.043478,0.031056,0.055901,0.080745,0.043478,0.093168,0.062112,0.037267,0.093168,0.049689,0.093168,1,0.923077,1,1,1,1,,,,,1,1,1,1,1,0.818182,0.928571,0.875,0.9375,0.833333,0.75,1,0.888889,0.9375,1.319139,1.252957,1.41283,1.43135,1.479782,1.478817,,,,,1.404311,1.311439,1.330468,1.315653,1.335467,1.081961,1.204254,1.126396,1.205454,1.065709,0.968168,1.304711,1.168346,1.243857